"Time","{Component=""core_worker"", Experiment=""relaxed consistency"", NodeAddress=""127.0.0.1"", SessionName=""session_2024-06-02_00-06-58_237165_8024"", Version=""2.23.0"", WorkerId=""0203119f817664974ad878a15af42ca4e5bf3ceaac7e88fcbcf3c553"", __name__=""ray_processed_gradients"", instance=""127.0.0.1:8081"", job=""ray""}"
2024-06-02 00:07:30,273
2024-06-02 00:07:31,273
2024-06-02 00:07:32,273
2024-06-02 00:07:33,273
2024-06-02 00:07:34,273
2024-06-02 00:07:35,273
2024-06-02 00:07:36,273
2024-06-02 00:07:37,273
2024-06-02 00:07:38,273
2024-06-02 00:07:39,273
2024-06-02 00:07:40,565
2024-06-02 00:07:41,565
2024-06-02 00:07:42,565
2024-06-02 00:07:43,565
2024-06-02 00:07:44,565
2024-06-02 00:07:45,565
2024-06-02 00:07:46,565
2024-06-02 00:07:47,565
2024-06-02 00:07:48,565
2024-06-02 00:07:49,565
2024-06-02 00:07:50,858
2024-06-02 00:07:51,858
2024-06-02 00:07:52,858
2024-06-02 00:07:53,858
2024-06-02 00:07:54,858
2024-06-02 00:07:55,858
2024-06-02 00:07:56,858
2024-06-02 00:07:57,858
2024-06-02 00:07:58,858
2024-06-02 00:07:59,858
2024-06-02 00:08:00,858
2024-06-02 00:08:01,858
2024-06-02 00:08:02,858
2024-06-02 00:08:03,858
2024-06-02 00:08:04,858
2024-06-02 00:08:05,858
2024-06-02 00:08:06,858
2024-06-02 00:08:07,858
2024-06-02 00:08:08,858
2024-06-02 00:08:09,858
2024-06-02 00:08:10,858
2024-06-02 00:08:11,858
2024-06-02 00:08:12,858
2024-06-02 00:08:13,858
2024-06-02 00:08:14,858
2024-06-02 00:08:15,858
2024-06-02 00:08:16,858
2024-06-02 00:08:17,858
2024-06-02 00:08:18,858
2024-06-02 00:08:19,858
2024-06-02 00:08:20,1229
2024-06-02 00:08:21,1229
2024-06-02 00:08:22,1229
2024-06-02 00:08:23,1229
2024-06-02 00:08:24,1229
2024-06-02 00:08:25,1229
2024-06-02 00:08:26,1229
2024-06-02 00:08:27,1229
2024-06-02 00:08:28,1229
2024-06-02 00:08:29,1229
2024-06-02 00:08:30,1543
2024-06-02 00:08:31,1543
2024-06-02 00:08:32,1543
2024-06-02 00:08:33,1543
2024-06-02 00:08:34,1543
2024-06-02 00:08:35,1543
2024-06-02 00:08:36,1543
2024-06-02 00:08:37,1543
2024-06-02 00:08:38,1543
2024-06-02 00:08:39,1543
2024-06-02 00:08:40,1815
2024-06-02 00:08:41,1815
2024-06-02 00:08:42,1815
2024-06-02 00:08:43,1815
2024-06-02 00:08:44,1815
2024-06-02 00:08:45,1815
2024-06-02 00:08:46,1815
2024-06-02 00:08:47,1815
2024-06-02 00:08:48,1815
2024-06-02 00:08:49,1815
2024-06-02 00:08:50,1815
2024-06-02 00:08:51,1815
2024-06-02 00:08:52,1815
2024-06-02 00:08:53,1815
2024-06-02 00:08:54,1815
2024-06-02 00:08:55,1815
2024-06-02 00:08:56,1815
2024-06-02 00:08:57,1815
2024-06-02 00:08:58,1815
2024-06-02 00:08:59,1815
2024-06-02 00:09:00,2091
2024-06-02 00:09:01,2091
2024-06-02 00:09:02,2091
2024-06-02 00:09:03,2091
2024-06-02 00:09:04,2091
2024-06-02 00:09:05,2091
2024-06-02 00:09:06,2091
2024-06-02 00:09:07,2091
2024-06-02 00:09:08,2091
2024-06-02 00:09:09,2091
2024-06-02 00:09:10,2371
2024-06-02 00:09:11,2371
2024-06-02 00:09:12,2371
2024-06-02 00:09:13,2371
2024-06-02 00:09:14,2371
2024-06-02 00:09:15,2371
2024-06-02 00:09:16,2371
2024-06-02 00:09:17,2371
2024-06-02 00:09:18,2371
2024-06-02 00:09:19,2371
2024-06-02 00:09:20,2650
2024-06-02 00:09:21,2650
2024-06-02 00:09:22,2650
2024-06-02 00:09:23,2650
2024-06-02 00:09:24,2650
2024-06-02 00:09:25,2650
2024-06-02 00:09:26,2650
2024-06-02 00:09:27,2650
2024-06-02 00:09:28,2650
2024-06-02 00:09:29,2650
2024-06-02 00:09:30,2972
2024-06-02 00:09:31,2972
2024-06-02 00:09:32,2972
2024-06-02 00:09:33,2972
2024-06-02 00:09:34,2972
2024-06-02 00:09:35,2972
2024-06-02 00:09:36,2972
2024-06-02 00:09:37,2972
2024-06-02 00:09:38,2972
2024-06-02 00:09:39,2972
2024-06-02 00:09:40,3258
2024-06-02 00:09:41,3258
2024-06-02 00:09:42,3258
2024-06-02 00:09:43,3258
2024-06-02 00:09:44,3258
2024-06-02 00:09:45,3258
2024-06-02 00:09:46,3258
2024-06-02 00:09:47,3258
2024-06-02 00:09:48,3258
2024-06-02 00:09:49,3258
2024-06-02 00:09:50,3530
2024-06-02 00:09:51,3530
2024-06-02 00:09:52,3530
2024-06-02 00:09:53,3530
2024-06-02 00:09:54,3530
2024-06-02 00:09:55,3530
2024-06-02 00:09:56,3530
2024-06-02 00:09:57,3530
2024-06-02 00:09:58,3530
2024-06-02 00:09:59,3530
2024-06-02 00:10:00,3840
2024-06-02 00:10:01,3840
2024-06-02 00:10:02,3840
2024-06-02 00:10:03,3840
2024-06-02 00:10:04,3840
2024-06-02 00:10:05,3840
2024-06-02 00:10:06,3840
2024-06-02 00:10:07,3840
2024-06-02 00:10:08,3840
2024-06-02 00:10:09,3840
2024-06-02 00:10:10,4107
2024-06-02 00:10:11,4107
2024-06-02 00:10:12,4107
2024-06-02 00:10:13,4107
2024-06-02 00:10:14,4107
2024-06-02 00:10:15,4107
2024-06-02 00:10:16,4107
2024-06-02 00:10:17,4107
2024-06-02 00:10:18,4107
2024-06-02 00:10:19,4107
2024-06-02 00:10:20,4418
2024-06-02 00:10:21,4418
2024-06-02 00:10:22,4418
2024-06-02 00:10:23,4418
2024-06-02 00:10:24,4418
2024-06-02 00:10:25,4418
2024-06-02 00:10:26,4418
2024-06-02 00:10:27,4418
2024-06-02 00:10:28,4418
2024-06-02 00:10:29,4418
2024-06-02 00:10:30,4684
2024-06-02 00:10:31,4684
2024-06-02 00:10:32,4684
2024-06-02 00:10:33,4684
2024-06-02 00:10:34,4684
2024-06-02 00:10:35,4684
2024-06-02 00:10:36,4684
2024-06-02 00:10:37,4684
2024-06-02 00:10:38,4684
2024-06-02 00:10:39,4684
2024-06-02 00:10:40,4992
2024-06-02 00:10:41,4992
2024-06-02 00:10:42,4992
2024-06-02 00:10:43,4992
2024-06-02 00:10:44,4992
2024-06-02 00:10:45,4992
2024-06-02 00:10:46,4992
2024-06-02 00:10:47,4992
2024-06-02 00:10:48,4992
2024-06-02 00:10:49,4992
2024-06-02 00:10:50,5260
2024-06-02 00:10:51,5260
2024-06-02 00:10:52,5260
2024-06-02 00:10:53,5260
2024-06-02 00:10:54,5260
2024-06-02 00:10:55,5260
2024-06-02 00:10:56,5260
2024-06-02 00:10:57,5260
2024-06-02 00:10:58,5260
2024-06-02 00:10:59,5260