"Time","{Component=""core_worker"", Experiment=""chain replication"", NodeAddress=""127.0.0.1"", SessionName=""session_2024-06-01_23-58-33_036713_5727"", Version=""2.23.0"", WorkerId=""bb7c4a8650a869631d4ca16a5b21a99164ceb45dd405e6eba2b32cfb"", __name__=""ray_processed_gradients"", instance=""127.0.0.1:8081"", job=""ray""}"
2024-06-01 23:59:10,21
2024-06-01 23:59:11,21
2024-06-01 23:59:12,21
2024-06-01 23:59:13,21
2024-06-01 23:59:14,21
2024-06-01 23:59:15,21
2024-06-01 23:59:16,21
2024-06-01 23:59:17,21
2024-06-01 23:59:18,21
2024-06-01 23:59:19,21
2024-06-01 23:59:20,77
2024-06-01 23:59:21,77
2024-06-01 23:59:22,77
2024-06-01 23:59:23,77
2024-06-01 23:59:24,77
2024-06-01 23:59:25,77
2024-06-01 23:59:26,77
2024-06-01 23:59:27,77
2024-06-01 23:59:28,77
2024-06-01 23:59:29,77
2024-06-01 23:59:30,131
2024-06-01 23:59:31,131
2024-06-01 23:59:32,131
2024-06-01 23:59:33,131
2024-06-01 23:59:34,131
2024-06-01 23:59:35,131
2024-06-01 23:59:36,131
2024-06-01 23:59:37,131
2024-06-01 23:59:38,131
2024-06-01 23:59:39,131
2024-06-01 23:59:40,168
2024-06-01 23:59:41,168
2024-06-01 23:59:42,168
2024-06-01 23:59:43,168
2024-06-01 23:59:44,168
2024-06-01 23:59:45,168
2024-06-01 23:59:46,168
2024-06-01 23:59:47,168
2024-06-01 23:59:48,168
2024-06-01 23:59:49,168
2024-06-01 23:59:50,198
2024-06-01 23:59:51,198
2024-06-01 23:59:52,198
2024-06-01 23:59:53,198
2024-06-01 23:59:54,198
2024-06-01 23:59:55,198
2024-06-01 23:59:56,198
2024-06-01 23:59:57,198
2024-06-01 23:59:58,198
2024-06-01 23:59:59,198
2024-06-02 00:00:00,248
2024-06-02 00:00:01,248
2024-06-02 00:00:02,248
2024-06-02 00:00:03,248
2024-06-02 00:00:04,248
2024-06-02 00:00:05,248
2024-06-02 00:00:06,248
2024-06-02 00:00:07,248
2024-06-02 00:00:08,248
2024-06-02 00:00:09,248
2024-06-02 00:00:10,308
2024-06-02 00:00:11,308
2024-06-02 00:00:12,308
2024-06-02 00:00:13,308
2024-06-02 00:00:14,308
2024-06-02 00:00:15,308
2024-06-02 00:00:16,308
2024-06-02 00:00:17,308
2024-06-02 00:00:18,308
2024-06-02 00:00:19,308
2024-06-02 00:00:20,358
2024-06-02 00:00:21,358
2024-06-02 00:00:22,358
2024-06-02 00:00:23,358
2024-06-02 00:00:24,358
2024-06-02 00:00:25,358
2024-06-02 00:00:26,358
2024-06-02 00:00:27,358
2024-06-02 00:00:28,358
2024-06-02 00:00:29,358
2024-06-02 00:00:30,417
2024-06-02 00:00:31,417
2024-06-02 00:00:32,417
2024-06-02 00:00:33,417
2024-06-02 00:00:34,417
2024-06-02 00:00:35,417
2024-06-02 00:00:36,417
2024-06-02 00:00:37,417
2024-06-02 00:00:38,417
2024-06-02 00:00:39,417
2024-06-02 00:00:40,468
2024-06-02 00:00:41,468
2024-06-02 00:00:42,468
2024-06-02 00:00:43,468
2024-06-02 00:00:44,468
2024-06-02 00:00:45,468
2024-06-02 00:00:46,468
2024-06-02 00:00:47,468
2024-06-02 00:00:48,468
2024-06-02 00:00:49,468
2024-06-02 00:00:50,518
2024-06-02 00:00:51,518
2024-06-02 00:00:52,518
2024-06-02 00:00:53,518
2024-06-02 00:00:54,518
2024-06-02 00:00:55,518
2024-06-02 00:00:56,518
2024-06-02 00:00:57,518
2024-06-02 00:00:58,518
2024-06-02 00:00:59,518
2024-06-02 00:01:00,568
2024-06-02 00:01:01,568
2024-06-02 00:01:02,568
2024-06-02 00:01:03,568
2024-06-02 00:01:04,568
2024-06-02 00:01:05,568
2024-06-02 00:01:06,568
2024-06-02 00:01:07,568
2024-06-02 00:01:08,568
2024-06-02 00:01:09,568
2024-06-02 00:01:10,627
2024-06-02 00:01:11,627
2024-06-02 00:01:12,627
2024-06-02 00:01:13,627
2024-06-02 00:01:14,627
2024-06-02 00:01:15,627
2024-06-02 00:01:16,627
2024-06-02 00:01:17,627
2024-06-02 00:01:18,627
2024-06-02 00:01:19,627
2024-06-02 00:01:20,678
2024-06-02 00:01:21,678
2024-06-02 00:01:22,678
2024-06-02 00:01:23,678
2024-06-02 00:01:24,678
2024-06-02 00:01:25,678
2024-06-02 00:01:26,678
2024-06-02 00:01:27,678
2024-06-02 00:01:28,678
2024-06-02 00:01:29,678
2024-06-02 00:01:30,728
2024-06-02 00:01:31,728
2024-06-02 00:01:32,728
2024-06-02 00:01:33,728
2024-06-02 00:01:34,728
2024-06-02 00:01:35,728
2024-06-02 00:01:36,728
2024-06-02 00:01:37,728
2024-06-02 00:01:38,728
2024-06-02 00:01:39,728
2024-06-02 00:01:40,778
2024-06-02 00:01:41,778
2024-06-02 00:01:42,778
2024-06-02 00:01:43,778
2024-06-02 00:01:44,778
2024-06-02 00:01:45,778
2024-06-02 00:01:46,778
2024-06-02 00:01:47,778
2024-06-02 00:01:48,778
2024-06-02 00:01:49,778
2024-06-02 00:01:50,838
2024-06-02 00:01:51,838
2024-06-02 00:01:52,838
2024-06-02 00:01:53,838
2024-06-02 00:01:54,838
2024-06-02 00:01:55,838
2024-06-02 00:01:56,838
2024-06-02 00:01:57,838
2024-06-02 00:01:58,838
2024-06-02 00:01:59,838
2024-06-02 00:02:00,888
2024-06-02 00:02:01,888
2024-06-02 00:02:02,888
2024-06-02 00:02:03,888
2024-06-02 00:02:04,888
2024-06-02 00:02:05,888
2024-06-02 00:02:06,888
2024-06-02 00:02:07,888
2024-06-02 00:02:08,888
2024-06-02 00:02:09,888
2024-06-02 00:02:10,938
2024-06-02 00:02:11,938
2024-06-02 00:02:12,938
2024-06-02 00:02:13,938
2024-06-02 00:02:14,938
2024-06-02 00:02:15,938
2024-06-02 00:02:16,938
2024-06-02 00:02:17,938
2024-06-02 00:02:18,938
2024-06-02 00:02:19,938
2024-06-02 00:02:20,989
2024-06-02 00:02:21,989
2024-06-02 00:02:22,989
2024-06-02 00:02:23,989
2024-06-02 00:02:24,989
2024-06-02 00:02:25,989
2024-06-02 00:02:26,989
2024-06-02 00:02:27,989
2024-06-02 00:02:28,989
2024-06-02 00:02:29,989
2024-06-02 00:02:30,1048
2024-06-02 00:02:31,1048
2024-06-02 00:02:32,1048
2024-06-02 00:02:33,1048
2024-06-02 00:02:34,1048
2024-06-02 00:02:35,1048
2024-06-02 00:02:36,1048
2024-06-02 00:02:37,1048
2024-06-02 00:02:38,1048
2024-06-02 00:02:39,1048