"Time","{Component=""core_worker"", Experiment=""sync checkpointing"", NodeAddress=""127.0.0.1"", SessionName=""session_2024-06-01_23-50-07_997088_3464"", Version=""2.23.0"", WorkerId=""fd96c3fef3552a05eb6c7e57f528170544569f383fdd36448f892f55"", __name__=""ray_processed_gradients"", instance=""127.0.0.1:8081"", job=""ray""}"
2024-06-01 23:50:40,51
2024-06-01 23:50:41,51
2024-06-01 23:50:42,51
2024-06-01 23:50:43,51
2024-06-01 23:50:44,51
2024-06-01 23:50:45,51
2024-06-01 23:50:46,51
2024-06-01 23:50:47,51
2024-06-01 23:50:48,51
2024-06-01 23:50:49,51
2024-06-01 23:50:50,101
2024-06-01 23:50:51,101
2024-06-01 23:50:52,101
2024-06-01 23:50:53,101
2024-06-01 23:50:54,101
2024-06-01 23:50:55,101
2024-06-01 23:50:56,101
2024-06-01 23:50:57,101
2024-06-01 23:50:58,101
2024-06-01 23:50:59,101
2024-06-01 23:51:00,151
2024-06-01 23:51:01,151
2024-06-01 23:51:02,151
2024-06-01 23:51:03,151
2024-06-01 23:51:04,151
2024-06-01 23:51:05,151
2024-06-01 23:51:06,151
2024-06-01 23:51:07,151
2024-06-01 23:51:08,151
2024-06-01 23:51:09,151
2024-06-01 23:51:10,151
2024-06-01 23:51:11,151
2024-06-01 23:51:12,151
2024-06-01 23:51:13,151
2024-06-01 23:51:14,151
2024-06-01 23:51:15,151
2024-06-01 23:51:16,151
2024-06-01 23:51:17,151
2024-06-01 23:51:18,151
2024-06-01 23:51:19,151
2024-06-01 23:51:20,151
2024-06-01 23:51:21,151
2024-06-01 23:51:22,151
2024-06-01 23:51:23,151
2024-06-01 23:51:24,151
2024-06-01 23:51:25,151
2024-06-01 23:51:26,151
2024-06-01 23:51:27,151
2024-06-01 23:51:28,151
2024-06-01 23:51:29,151
2024-06-01 23:51:30,202
2024-06-01 23:51:31,202
2024-06-01 23:51:32,202
2024-06-01 23:51:33,202
2024-06-01 23:51:34,202
2024-06-01 23:51:35,202
2024-06-01 23:51:36,202
2024-06-01 23:51:37,202
2024-06-01 23:51:38,202
2024-06-01 23:51:39,202
2024-06-01 23:51:40,252
2024-06-01 23:51:41,252
2024-06-01 23:51:42,252
2024-06-01 23:51:43,252
2024-06-01 23:51:44,252
2024-06-01 23:51:45,252
2024-06-01 23:51:46,252
2024-06-01 23:51:47,252
2024-06-01 23:51:48,252
2024-06-01 23:51:49,252
2024-06-01 23:51:50,310
2024-06-01 23:51:51,310
2024-06-01 23:51:52,310
2024-06-01 23:51:53,310
2024-06-01 23:51:54,310
2024-06-01 23:51:55,310
2024-06-01 23:51:56,310
2024-06-01 23:51:57,310
2024-06-01 23:51:58,310
2024-06-01 23:51:59,310
2024-06-01 23:52:00,310
2024-06-01 23:52:01,310
2024-06-01 23:52:02,310
2024-06-01 23:52:03,310
2024-06-01 23:52:04,310
2024-06-01 23:52:05,310
2024-06-01 23:52:06,310
2024-06-01 23:52:07,310
2024-06-01 23:52:08,310
2024-06-01 23:52:09,310
2024-06-01 23:52:10,362
2024-06-01 23:52:11,362
2024-06-01 23:52:12,362
2024-06-01 23:52:13,362
2024-06-01 23:52:14,362
2024-06-01 23:52:15,362
2024-06-01 23:52:16,362
2024-06-01 23:52:17,362
2024-06-01 23:52:18,362
2024-06-01 23:52:19,362
2024-06-01 23:52:20,412
2024-06-01 23:52:21,412
2024-06-01 23:52:22,412
2024-06-01 23:52:23,412
2024-06-01 23:52:24,412
2024-06-01 23:52:25,412
2024-06-01 23:52:26,412
2024-06-01 23:52:27,412
2024-06-01 23:52:28,412
2024-06-01 23:52:29,412
2024-06-01 23:52:30,472
2024-06-01 23:52:31,472
2024-06-01 23:52:32,472
2024-06-01 23:52:33,472
2024-06-01 23:52:34,472
2024-06-01 23:52:35,472
2024-06-01 23:52:36,472
2024-06-01 23:52:37,472
2024-06-01 23:52:38,472
2024-06-01 23:52:39,472
2024-06-01 23:52:40,522
2024-06-01 23:52:41,522
2024-06-01 23:52:42,522
2024-06-01 23:52:43,522
2024-06-01 23:52:44,522
2024-06-01 23:52:45,522
2024-06-01 23:52:46,522
2024-06-01 23:52:47,522
2024-06-01 23:52:48,522
2024-06-01 23:52:49,522
2024-06-01 23:52:50,580
2024-06-01 23:52:51,580
2024-06-01 23:52:52,580
2024-06-01 23:52:53,580
2024-06-01 23:52:54,580
2024-06-01 23:52:55,580
2024-06-01 23:52:56,580
2024-06-01 23:52:57,580
2024-06-01 23:52:58,580
2024-06-01 23:52:59,580
2024-06-01 23:53:00,632
2024-06-01 23:53:01,632
2024-06-01 23:53:02,632
2024-06-01 23:53:03,632
2024-06-01 23:53:04,632
2024-06-01 23:53:05,632
2024-06-01 23:53:06,632
2024-06-01 23:53:07,632
2024-06-01 23:53:08,632
2024-06-01 23:53:09,632
2024-06-01 23:53:10,682
2024-06-01 23:53:11,682
2024-06-01 23:53:12,682
2024-06-01 23:53:13,682
2024-06-01 23:53:14,682
2024-06-01 23:53:15,682
2024-06-01 23:53:16,682
2024-06-01 23:53:17,682
2024-06-01 23:53:18,682
2024-06-01 23:53:19,682
2024-06-01 23:53:20,737
2024-06-01 23:53:21,737
2024-06-01 23:53:22,737
2024-06-01 23:53:23,737
2024-06-01 23:53:24,737
2024-06-01 23:53:25,737
2024-06-01 23:53:26,737
2024-06-01 23:53:27,737
2024-06-01 23:53:28,737
2024-06-01 23:53:29,737
2024-06-01 23:53:30,792
2024-06-01 23:53:31,792
2024-06-01 23:53:32,792
2024-06-01 23:53:33,792
2024-06-01 23:53:34,792
2024-06-01 23:53:35,792
2024-06-01 23:53:36,792
2024-06-01 23:53:37,792
2024-06-01 23:53:38,792
2024-06-01 23:53:39,792
2024-06-01 23:53:40,842
2024-06-01 23:53:41,842
2024-06-01 23:53:42,842
2024-06-01 23:53:43,842
2024-06-01 23:53:44,842
2024-06-01 23:53:45,842
2024-06-01 23:53:46,842
2024-06-01 23:53:47,842
2024-06-01 23:53:48,842
2024-06-01 23:53:49,842
2024-06-01 23:53:50,902
2024-06-01 23:53:51,902
2024-06-01 23:53:52,902
2024-06-01 23:53:53,902
2024-06-01 23:53:54,902
2024-06-01 23:53:55,902
2024-06-01 23:53:56,902
2024-06-01 23:53:57,902
2024-06-01 23:53:58,902
2024-06-01 23:53:59,902
2024-06-01 23:54:00,952
2024-06-01 23:54:01,952
2024-06-01 23:54:02,952
2024-06-01 23:54:03,952
2024-06-01 23:54:04,952
2024-06-01 23:54:05,952
2024-06-01 23:54:06,952
2024-06-01 23:54:07,952
2024-06-01 23:54:08,952
2024-06-01 23:54:09,952