"Time","{Component=""raylet"", NodeAddress=""127.0.0.1"", SessionName=""session_2024-06-01_23-43-35_777145_1353"", Version=""2.23.0"", __name__=""ray_object_store_used_memory"", instance=""127.0.0.1:8081"", job=""ray""}"
2024-06-01 23:43:50,6514422
2024-06-01 23:43:51,6514422
2024-06-01 23:43:52,6514422
2024-06-01 23:43:53,6514422
2024-06-01 23:43:54,6514422
2024-06-01 23:43:55,6514422
2024-06-01 23:43:56,6514422
2024-06-01 23:43:57,6514422
2024-06-01 23:43:58,6514422
2024-06-01 23:43:59,6514422
2024-06-01 23:44:00,104124538
2024-06-01 23:44:01,104124538
2024-06-01 23:44:02,104124538
2024-06-01 23:44:03,104124538
2024-06-01 23:44:04,104124538
2024-06-01 23:44:05,104124538
2024-06-01 23:44:06,104124538
2024-06-01 23:44:07,104124538
2024-06-01 23:44:08,104124538
2024-06-01 23:44:09,104124538
2024-06-01 23:44:10,211510563
2024-06-01 23:44:11,211510563
2024-06-01 23:44:12,211510563
2024-06-01 23:44:13,211510563
2024-06-01 23:44:14,211510563
2024-06-01 23:44:15,211510563
2024-06-01 23:44:16,211510563
2024-06-01 23:44:17,211510563
2024-06-01 23:44:18,211510563
2024-06-01 23:44:19,211510563
2024-06-01 23:44:20,273345272
2024-06-01 23:44:21,273345272
2024-06-01 23:44:22,273345272
2024-06-01 23:44:23,273345272
2024-06-01 23:44:24,273345272
2024-06-01 23:44:25,273345272
2024-06-01 23:44:26,273345272
2024-06-01 23:44:27,273345272
2024-06-01 23:44:28,273345272
2024-06-01 23:44:29,273345272
2024-06-01 23:44:30,211543980
2024-06-01 23:44:31,211543980
2024-06-01 23:44:32,211543980
2024-06-01 23:44:33,211543980
2024-06-01 23:44:34,211543980
2024-06-01 23:44:35,211543980
2024-06-01 23:44:36,211543980
2024-06-01 23:44:37,211543980
2024-06-01 23:44:38,211543980
2024-06-01 23:44:39,211543980
2024-06-01 23:44:40,719040739
2024-06-01 23:44:41,719040739
2024-06-01 23:44:42,719040739
2024-06-01 23:44:43,719040739
2024-06-01 23:44:44,719040739
2024-06-01 23:44:45,719040739
2024-06-01 23:44:46,719040739
2024-06-01 23:44:47,719040739
2024-06-01 23:44:48,719040739
2024-06-01 23:44:49,719040739
2024-06-01 23:44:50,738562045
2024-06-01 23:44:51,738562045
2024-06-01 23:44:52,738562045
2024-06-01 23:44:53,738562045
2024-06-01 23:44:54,738562045
2024-06-01 23:44:55,738562045
2024-06-01 23:44:56,738562045
2024-06-01 23:44:57,738562045
2024-06-01 23:44:58,738562045
2024-06-01 23:44:59,738562045
2024-06-01 23:45:00,253821932
2024-06-01 23:45:01,253821932
2024-06-01 23:45:02,253821932
2024-06-01 23:45:03,253821932
2024-06-01 23:45:04,253821932
2024-06-01 23:45:05,253821932
2024-06-01 23:45:06,253821932
2024-06-01 23:45:07,253821932
2024-06-01 23:45:08,253821932
2024-06-01 23:45:09,253821932
2024-06-01 23:45:10,351451851
2024-06-01 23:45:11,351451851
2024-06-01 23:45:12,351451851
2024-06-01 23:45:13,351451851
2024-06-01 23:45:14,351451851
2024-06-01 23:45:15,351451851
2024-06-01 23:45:16,351451851
2024-06-01 23:45:17,351451851
2024-06-01 23:45:18,351451851
2024-06-01 23:45:19,351451851
2024-06-01 23:45:20,266873957
2024-06-01 23:45:21,266873957
2024-06-01 23:45:22,266873957
2024-06-01 23:45:23,266873957
2024-06-01 23:45:24,266873957
2024-06-01 23:45:25,266873957
2024-06-01 23:45:26,266873957
2024-06-01 23:45:27,266873957
2024-06-01 23:45:28,266873957
2024-06-01 23:45:29,266873957
2024-06-01 23:45:30,725547841
2024-06-01 23:45:31,725547841
2024-06-01 23:45:32,725547841
2024-06-01 23:45:33,725547841
2024-06-01 23:45:34,725547841
2024-06-01 23:45:35,725547841
2024-06-01 23:45:36,725547841
2024-06-01 23:45:37,725547841
2024-06-01 23:45:38,725547841
2024-06-01 23:45:39,725547841
2024-06-01 23:45:40,745069147
2024-06-01 23:45:41,745069147
2024-06-01 23:45:42,745069147
2024-06-01 23:45:43,745069147
2024-06-01 23:45:44,745069147
2024-06-01 23:45:45,745069147
2024-06-01 23:45:46,745069147
2024-06-01 23:45:47,745069147
2024-06-01 23:45:48,745069147
2024-06-01 23:45:49,745069147
2024-06-01 23:45:50,312385532
2024-06-01 23:45:51,312385532
2024-06-01 23:45:52,312385532
2024-06-01 23:45:53,312385532
2024-06-01 23:45:54,312385532
2024-06-01 23:45:55,312385532
2024-06-01 23:45:56,312385532
2024-06-01 23:45:57,312385532
2024-06-01 23:45:58,312385532
2024-06-01 23:45:59,312385532
2024-06-01 23:46:00,309151799
2024-06-01 23:46:01,309151799
2024-06-01 23:46:02,309151799
2024-06-01 23:46:03,309151799
2024-06-01 23:46:04,309151799
2024-06-01 23:46:05,309151799
2024-06-01 23:46:06,309151799
2024-06-01 23:46:07,309151799
2024-06-01 23:46:08,309151799
2024-06-01 23:46:09,309151799
2024-06-01 23:46:10,309169461
2024-06-01 23:46:11,309169461
2024-06-01 23:46:12,309169461
2024-06-01 23:46:13,309169461
2024-06-01 23:46:14,309169461
2024-06-01 23:46:15,309169461
2024-06-01 23:46:16,309169461
2024-06-01 23:46:17,309169461
2024-06-01 23:46:18,309169461
2024-06-01 23:46:19,309169461
2024-06-01 23:46:20,328708303
2024-06-01 23:46:21,328708303
2024-06-01 23:46:22,328708303
2024-06-01 23:46:23,328708303
2024-06-01 23:46:24,328708303
2024-06-01 23:46:25,328708303
2024-06-01 23:46:26,328708303
2024-06-01 23:46:27,328708303
2024-06-01 23:46:28,328708303
2024-06-01 23:46:29,328708303
2024-06-01 23:46:30,410064027
2024-06-01 23:46:31,410064027
2024-06-01 23:46:32,410064027
2024-06-01 23:46:33,410064027
2024-06-01 23:46:34,410064027
2024-06-01 23:46:35,410064027
2024-06-01 23:46:36,410064027
2024-06-01 23:46:37,410064027
2024-06-01 23:46:38,410064027
2024-06-01 23:46:39,410064027
2024-06-01 23:46:40,341757840
2024-06-01 23:46:41,341757840
2024-06-01 23:46:42,341757840
2024-06-01 23:46:43,341757840
2024-06-01 23:46:44,341757840
2024-06-01 23:46:45,341757840
2024-06-01 23:46:46,341757840
2024-06-01 23:46:47,341757840
2024-06-01 23:46:48,341757840
2024-06-01 23:46:49,341757840
2024-06-01 23:46:50,332001864
2024-06-01 23:46:51,332001864
2024-06-01 23:46:52,332001864
2024-06-01 23:46:53,332001864
2024-06-01 23:46:54,332001864
2024-06-01 23:46:55,332001864
2024-06-01 23:46:56,332001864
2024-06-01 23:46:57,332001864
2024-06-01 23:46:58,332001864
2024-06-01 23:46:59,332001864
2024-06-01 23:47:00,442650276
2024-06-01 23:47:01,442650276
2024-06-01 23:47:02,442650276
2024-06-01 23:47:03,442650276
2024-06-01 23:47:04,442650276
2024-06-01 23:47:05,442650276
2024-06-01 23:47:06,442650276
2024-06-01 23:47:07,442650276
2024-06-01 23:47:08,442650276
2024-06-01 23:47:09,442650276
2024-06-01 23:47:10,429653836
2024-06-01 23:47:11,429653836
2024-06-01 23:47:12,429653836
2024-06-01 23:47:13,429653836
2024-06-01 23:47:14,429653836
2024-06-01 23:47:15,429653836
2024-06-01 23:47:16,429653836
2024-06-01 23:47:17,429653836