"Time","{Component=""core_worker"", Experiment=""async checkpointing"", NodeAddress=""127.0.0.1"", SessionName=""session_2024-06-01_23-54-20_292159_4583"", Version=""2.23.0"", WorkerId=""5a1a0b5d89ccd5a5f8e54753af7a3db7c5375550a4502e620ee57c7e"", __name__=""ray_processed_gradients"", instance=""127.0.0.1:8081"", job=""ray""}"
2024-06-01 23:55:00,51
2024-06-01 23:55:01,51
2024-06-01 23:55:02,51
2024-06-01 23:55:03,51
2024-06-01 23:55:04,51
2024-06-01 23:55:05,51
2024-06-01 23:55:06,51
2024-06-01 23:55:07,51
2024-06-01 23:55:08,51
2024-06-01 23:55:09,51
2024-06-01 23:55:10,108
2024-06-01 23:55:11,108
2024-06-01 23:55:12,108
2024-06-01 23:55:13,108
2024-06-01 23:55:14,108
2024-06-01 23:55:15,108
2024-06-01 23:55:16,108
2024-06-01 23:55:17,108
2024-06-01 23:55:18,108
2024-06-01 23:55:19,108
2024-06-01 23:55:20,159
2024-06-01 23:55:21,159
2024-06-01 23:55:22,159
2024-06-01 23:55:23,159
2024-06-01 23:55:24,159
2024-06-01 23:55:25,159
2024-06-01 23:55:26,159
2024-06-01 23:55:27,159
2024-06-01 23:55:28,159
2024-06-01 23:55:29,159
2024-06-01 23:55:30,159
2024-06-01 23:55:31,159
2024-06-01 23:55:32,159
2024-06-01 23:55:33,159
2024-06-01 23:55:34,159
2024-06-01 23:55:35,159
2024-06-01 23:55:36,159
2024-06-01 23:55:37,159
2024-06-01 23:55:38,159
2024-06-01 23:55:39,159
2024-06-01 23:55:40,159
2024-06-01 23:55:41,159
2024-06-01 23:55:42,159
2024-06-01 23:55:43,159
2024-06-01 23:55:44,159
2024-06-01 23:55:45,159
2024-06-01 23:55:46,159
2024-06-01 23:55:47,159
2024-06-01 23:55:48,159
2024-06-01 23:55:49,159
2024-06-01 23:55:50,210
2024-06-01 23:55:51,210
2024-06-01 23:55:52,210
2024-06-01 23:55:53,210
2024-06-01 23:55:54,210
2024-06-01 23:55:55,210
2024-06-01 23:55:56,210
2024-06-01 23:55:57,210
2024-06-01 23:55:58,210
2024-06-01 23:55:59,210
2024-06-01 23:56:00,270
2024-06-01 23:56:01,270
2024-06-01 23:56:02,270
2024-06-01 23:56:03,270
2024-06-01 23:56:04,270
2024-06-01 23:56:05,270
2024-06-01 23:56:06,270
2024-06-01 23:56:07,270
2024-06-01 23:56:08,270
2024-06-01 23:56:09,270
2024-06-01 23:56:10,330
2024-06-01 23:56:11,330
2024-06-01 23:56:12,330
2024-06-01 23:56:13,330
2024-06-01 23:56:14,330
2024-06-01 23:56:15,330
2024-06-01 23:56:16,330
2024-06-01 23:56:17,330
2024-06-01 23:56:18,330
2024-06-01 23:56:19,330
2024-06-01 23:56:20,380
2024-06-01 23:56:21,380
2024-06-01 23:56:22,380
2024-06-01 23:56:23,380
2024-06-01 23:56:24,380
2024-06-01 23:56:25,380
2024-06-01 23:56:26,380
2024-06-01 23:56:27,380
2024-06-01 23:56:28,380
2024-06-01 23:56:29,380
2024-06-01 23:56:30,440
2024-06-01 23:56:31,440
2024-06-01 23:56:32,440
2024-06-01 23:56:33,440
2024-06-01 23:56:34,440
2024-06-01 23:56:35,440
2024-06-01 23:56:36,440
2024-06-01 23:56:37,440
2024-06-01 23:56:38,440
2024-06-01 23:56:39,440
2024-06-01 23:56:40,500
2024-06-01 23:56:41,500
2024-06-01 23:56:42,500
2024-06-01 23:56:43,500
2024-06-01 23:56:44,500
2024-06-01 23:56:45,500
2024-06-01 23:56:46,500
2024-06-01 23:56:47,500
2024-06-01 23:56:48,500
2024-06-01 23:56:49,500
2024-06-01 23:56:50,559
2024-06-01 23:56:51,559
2024-06-01 23:56:52,559
2024-06-01 23:56:53,559
2024-06-01 23:56:54,559
2024-06-01 23:56:55,559
2024-06-01 23:56:56,559
2024-06-01 23:56:57,559
2024-06-01 23:56:58,559
2024-06-01 23:56:59,559
2024-06-01 23:57:00,610
2024-06-01 23:57:01,610
2024-06-01 23:57:02,610
2024-06-01 23:57:03,610
2024-06-01 23:57:04,610
2024-06-01 23:57:05,610
2024-06-01 23:57:06,610
2024-06-01 23:57:07,610
2024-06-01 23:57:08,610
2024-06-01 23:57:09,610
2024-06-01 23:57:10,670
2024-06-01 23:57:11,670
2024-06-01 23:57:12,670
2024-06-01 23:57:13,670
2024-06-01 23:57:14,670
2024-06-01 23:57:15,670
2024-06-01 23:57:16,670
2024-06-01 23:57:17,670
2024-06-01 23:57:18,670
2024-06-01 23:57:19,670
2024-06-01 23:57:20,730
2024-06-01 23:57:21,730
2024-06-01 23:57:22,730
2024-06-01 23:57:23,730
2024-06-01 23:57:24,730
2024-06-01 23:57:25,730
2024-06-01 23:57:26,730
2024-06-01 23:57:27,730
2024-06-01 23:57:28,730
2024-06-01 23:57:29,730
2024-06-01 23:57:30,783
2024-06-01 23:57:31,783
2024-06-01 23:57:32,783
2024-06-01 23:57:33,783
2024-06-01 23:57:34,783
2024-06-01 23:57:35,783
2024-06-01 23:57:36,783
2024-06-01 23:57:37,783
2024-06-01 23:57:38,783
2024-06-01 23:57:39,783
2024-06-01 23:57:40,840
2024-06-01 23:57:41,840
2024-06-01 23:57:42,840
2024-06-01 23:57:43,840
2024-06-01 23:57:44,840
2024-06-01 23:57:45,840
2024-06-01 23:57:46,840
2024-06-01 23:57:47,840
2024-06-01 23:57:48,840
2024-06-01 23:57:49,840
2024-06-01 23:57:50,900
2024-06-01 23:57:51,900
2024-06-01 23:57:52,900
2024-06-01 23:57:53,900
2024-06-01 23:57:54,900
2024-06-01 23:57:55,900
2024-06-01 23:57:56,900
2024-06-01 23:57:57,900
2024-06-01 23:57:58,900
2024-06-01 23:57:59,900
2024-06-01 23:58:00,960
2024-06-01 23:58:01,960
2024-06-01 23:58:02,960
2024-06-01 23:58:03,960
2024-06-01 23:58:04,960
2024-06-01 23:58:05,960
2024-06-01 23:58:06,960
2024-06-01 23:58:07,960
2024-06-01 23:58:08,960
2024-06-01 23:58:09,960
2024-06-01 23:58:10,1012
2024-06-01 23:58:11,1012
2024-06-01 23:58:12,1012
2024-06-01 23:58:13,1012
2024-06-01 23:58:14,1012
2024-06-01 23:58:15,1012
2024-06-01 23:58:16,1012
2024-06-01 23:58:17,1012
2024-06-01 23:58:18,1012
2024-06-01 23:58:19,1012
2024-06-01 23:58:20,1070
2024-06-01 23:58:21,1070
2024-06-01 23:58:22,1070
2024-06-01 23:58:23,1070
2024-06-01 23:58:24,1070
2024-06-01 23:58:25,1070
2024-06-01 23:58:26,1070
2024-06-01 23:58:27,1070
2024-06-01 23:58:28,1070
2024-06-01 23:58:29,1070