"Time","{SessionName=""session_2024-06-01_23-30-56_683321_97364"", Version=""2.23.0"", __name__=""ray_node_network_sent"", instance=""127.0.0.1:8081"", ip=""127.0.0.1"", job=""ray""}"
2024-06-01 23:31:00,4252290048
2024-06-01 23:31:01,4252290048
2024-06-01 23:31:02,4252290048
2024-06-01 23:31:03,4252290048
2024-06-01 23:31:04,4252290048
2024-06-01 23:31:05,4252290048
2024-06-01 23:31:06,4252290048
2024-06-01 23:31:07,4252290048
2024-06-01 23:31:08,4252290048
2024-06-01 23:31:09,4252290048
2024-06-01 23:31:10,4252325888
2024-06-01 23:31:11,4252325888
2024-06-01 23:31:12,4252325888
2024-06-01 23:31:13,4252325888
2024-06-01 23:31:14,4252325888
2024-06-01 23:31:15,4252325888
2024-06-01 23:31:16,4252325888
2024-06-01 23:31:17,4252325888
2024-06-01 23:31:18,4252325888
2024-06-01 23:31:19,4252325888
2024-06-01 23:31:20,4252374016
2024-06-01 23:31:21,4252374016
2024-06-01 23:31:22,4252374016
2024-06-01 23:31:23,4252374016
2024-06-01 23:31:24,4252374016
2024-06-01 23:31:25,4252374016
2024-06-01 23:31:26,4252374016
2024-06-01 23:31:27,4252374016
2024-06-01 23:31:28,4252374016
2024-06-01 23:31:29,4252374016
2024-06-01 23:31:30,4252383232
2024-06-01 23:31:31,4252383232
2024-06-01 23:31:32,4252383232
2024-06-01 23:31:33,4252383232
2024-06-01 23:31:34,4252383232
2024-06-01 23:31:35,4252383232
2024-06-01 23:31:36,4252383232
2024-06-01 23:31:37,4252383232
2024-06-01 23:31:38,4252383232
2024-06-01 23:31:39,4252383232
2024-06-01 23:31:40,4252439552
2024-06-01 23:31:41,4252439552
2024-06-01 23:31:42,4252439552
2024-06-01 23:31:43,4252439552
2024-06-01 23:31:44,4252439552
2024-06-01 23:31:45,4252439552
2024-06-01 23:31:46,4252439552
2024-06-01 23:31:47,4252439552
2024-06-01 23:31:48,4252439552
2024-06-01 23:31:49,4252439552
2024-06-01 23:31:50,4252598272
2024-06-01 23:31:51,4252598272
2024-06-01 23:31:52,4252598272
2024-06-01 23:31:53,4252598272
2024-06-01 23:31:54,4252598272
2024-06-01 23:31:55,4252598272
2024-06-01 23:31:56,4252598272
2024-06-01 23:31:57,4252598272
2024-06-01 23:31:58,4252598272
2024-06-01 23:31:59,4252598272
2024-06-01 23:32:00,4252690432
2024-06-01 23:32:01,4252690432
2024-06-01 23:32:02,4252690432
2024-06-01 23:32:03,4252690432
2024-06-01 23:32:04,4252690432
2024-06-01 23:32:05,4252690432
2024-06-01 23:32:06,4252690432
2024-06-01 23:32:07,4252690432
2024-06-01 23:32:08,4252690432
2024-06-01 23:32:09,4252690432
2024-06-01 23:32:10,4252704768
2024-06-01 23:32:11,4252704768
2024-06-01 23:32:12,4252704768
2024-06-01 23:32:13,4252704768
2024-06-01 23:32:14,4252704768
2024-06-01 23:32:15,4252704768
2024-06-01 23:32:16,4252704768
2024-06-01 23:32:17,4252704768
2024-06-01 23:32:18,4252704768
2024-06-01 23:32:19,4252704768
2024-06-01 23:32:20,4252722176
2024-06-01 23:32:21,4252722176
2024-06-01 23:32:22,4252722176
2024-06-01 23:32:23,4252722176
2024-06-01 23:32:24,4252722176
2024-06-01 23:32:25,4252722176
2024-06-01 23:32:26,4252722176
2024-06-01 23:32:27,4252722176
2024-06-01 23:32:28,4252722176
2024-06-01 23:32:29,4252722176
2024-06-01 23:32:30,4252815360
2024-06-01 23:32:31,4252815360
2024-06-01 23:32:32,4252815360
2024-06-01 23:32:33,4252815360
2024-06-01 23:32:34,4252815360
2024-06-01 23:32:35,4252815360
2024-06-01 23:32:36,4252815360
2024-06-01 23:32:37,4252815360
2024-06-01 23:32:38,4252815360
2024-06-01 23:32:39,4252815360
2024-06-01 23:32:40,4252824576
2024-06-01 23:32:41,4252824576
2024-06-01 23:32:42,4252824576
2024-06-01 23:32:43,4252824576
2024-06-01 23:32:44,4252824576
2024-06-01 23:32:45,4252824576
2024-06-01 23:32:46,4252824576
2024-06-01 23:32:47,4252824576
2024-06-01 23:32:48,4252824576
2024-06-01 23:32:49,4252824576
2024-06-01 23:32:50,4252878848
2024-06-01 23:32:51,4252878848
2024-06-01 23:32:52,4252878848
2024-06-01 23:32:53,4252878848
2024-06-01 23:32:54,4252878848
2024-06-01 23:32:55,4252878848
2024-06-01 23:32:56,4252878848
2024-06-01 23:32:57,4252878848
2024-06-01 23:32:58,4252878848
2024-06-01 23:32:59,4252878848
2024-06-01 23:33:00,4252913664
2024-06-01 23:33:01,4252913664
2024-06-01 23:33:02,4252913664
2024-06-01 23:33:03,4252913664
2024-06-01 23:33:04,4252913664
2024-06-01 23:33:05,4252913664
2024-06-01 23:33:06,4252913664
2024-06-01 23:33:07,4252913664
2024-06-01 23:33:08,4252913664
2024-06-01 23:33:09,4252913664
2024-06-01 23:33:10,4252917760
2024-06-01 23:33:11,4252917760
2024-06-01 23:33:12,4252917760
2024-06-01 23:33:13,4252917760
2024-06-01 23:33:14,4252917760
2024-06-01 23:33:15,4252917760
2024-06-01 23:33:16,4252917760
2024-06-01 23:33:17,4252917760
2024-06-01 23:33:18,4252917760
2024-06-01 23:33:19,4252917760
2024-06-01 23:33:20,4252945408
2024-06-01 23:33:21,4252945408
2024-06-01 23:33:22,4252945408
2024-06-01 23:33:23,4252945408
2024-06-01 23:33:24,4252945408
2024-06-01 23:33:25,4252945408
2024-06-01 23:33:26,4252945408
2024-06-01 23:33:27,4252945408
2024-06-01 23:33:28,4252945408
2024-06-01 23:33:29,4252945408
2024-06-01 23:33:30,4252954624
2024-06-01 23:33:31,4252954624
2024-06-01 23:33:32,4252954624
2024-06-01 23:33:33,4252954624
2024-06-01 23:33:34,4252954624
2024-06-01 23:33:35,4252954624
2024-06-01 23:33:36,4252954624
2024-06-01 23:33:37,4252954624
2024-06-01 23:33:38,4252954624
2024-06-01 23:33:39,4252954624
2024-06-01 23:33:40,4252960768
2024-06-01 23:33:41,4252960768
2024-06-01 23:33:42,4252960768
2024-06-01 23:33:43,4252960768
2024-06-01 23:33:44,4252960768
2024-06-01 23:33:45,4252960768
2024-06-01 23:33:46,4252960768
2024-06-01 23:33:47,4252960768
2024-06-01 23:33:48,4252960768
2024-06-01 23:33:49,4252960768
2024-06-01 23:33:50,4252979200
2024-06-01 23:33:51,4252979200
2024-06-01 23:33:52,4252979200
2024-06-01 23:33:53,4252979200
2024-06-01 23:33:54,4252979200
2024-06-01 23:33:55,4252979200
2024-06-01 23:33:56,4252979200
2024-06-01 23:33:57,4252979200
2024-06-01 23:33:58,4252979200
2024-06-01 23:33:59,4252979200
2024-06-01 23:34:00,4253015040
2024-06-01 23:34:01,4253015040
2024-06-01 23:34:02,4253015040
2024-06-01 23:34:03,4253015040
2024-06-01 23:34:04,4253015040
2024-06-01 23:34:05,4253015040
2024-06-01 23:34:06,4253015040
2024-06-01 23:34:07,4253015040
2024-06-01 23:34:08,4253015040
2024-06-01 23:34:09,4253015040
2024-06-01 23:34:10,4253022208
2024-06-01 23:34:11,4253022208
2024-06-01 23:34:12,4253022208
2024-06-01 23:34:13,4253022208
2024-06-01 23:34:14,4253022208
2024-06-01 23:34:15,4253022208
2024-06-01 23:34:16,4253022208
2024-06-01 23:34:17,4253022208
2024-06-01 23:34:18,4253022208
2024-06-01 23:34:19,4253022208
2024-06-01 23:34:20,4253047808
2024-06-01 23:34:21,4253047808
2024-06-01 23:34:22,4253047808
2024-06-01 23:34:23,4253047808
2024-06-01 23:34:24,4253047808
2024-06-01 23:34:25,4253047808
2024-06-01 23:34:26,4253047808
2024-06-01 23:34:27,4253047808
2024-06-01 23:34:28,4253047808
2024-06-01 23:34:29,4253047808
2024-06-01 23:34:30,4253066240
2024-06-01 23:34:31,4253066240
2024-06-01 23:34:32,4253066240
2024-06-01 23:34:33,4253066240
2024-06-01 23:34:34,4253066240
2024-06-01 23:34:35,4253066240
2024-06-01 23:34:36,4253066240
2024-06-01 23:34:37,4253066240
2024-06-01 23:34:38,4253066240
2024-06-01 23:34:39,4253066240
2024-06-01 23:34:40,4253071360
2024-06-01 23:34:41,4253071360
2024-06-01 23:34:42,4253071360
2024-06-01 23:34:43,4253071360
2024-06-01 23:34:44,4253071360
2024-06-01 23:34:45,4253071360
2024-06-01 23:34:46,4253071360
2024-06-01 23:34:47,4253071360
2024-06-01 23:34:48,4253071360
2024-06-01 23:34:49,4253071360
2024-06-01 23:34:50,4253093888
2024-06-01 23:34:51,4253093888
2024-06-01 23:34:52,4253093888
2024-06-01 23:34:53,4253093888
2024-06-01 23:34:54,4253093888
2024-06-01 23:34:55,4253093888
2024-06-01 23:34:56,4253093888
2024-06-01 23:34:57,4253093888
2024-06-01 23:34:58,4253093888
2024-06-01 23:34:59,4253093888