"Time","{Component=""raylet"", NodeAddress=""127.0.0.1"", SessionName=""session_2024-06-01_23-30-56_683321_97364"", Version=""2.23.0"", __name__=""ray_object_store_used_memory"", instance=""127.0.0.1:8081"", job=""ray""}"
2024-06-01 23:31:10,0
2024-06-01 23:31:11,0
2024-06-01 23:31:12,0
2024-06-01 23:31:13,0
2024-06-01 23:31:14,0
2024-06-01 23:31:15,0
2024-06-01 23:31:16,0
2024-06-01 23:31:17,0
2024-06-01 23:31:18,0
2024-06-01 23:31:19,0
2024-06-01 23:31:20,0
2024-06-01 23:31:21,0
2024-06-01 23:31:22,0
2024-06-01 23:31:23,0
2024-06-01 23:31:24,0
2024-06-01 23:31:25,0
2024-06-01 23:31:26,0
2024-06-01 23:31:27,0
2024-06-01 23:31:28,0
2024-06-01 23:31:29,0
2024-06-01 23:31:30,84623866
2024-06-01 23:31:31,84623866
2024-06-01 23:31:32,84623866
2024-06-01 23:31:33,84623866
2024-06-01 23:31:34,84623866
2024-06-01 23:31:35,84623866
2024-06-01 23:31:36,84623866
2024-06-01 23:31:37,84623866
2024-06-01 23:31:38,84623866
2024-06-01 23:31:39,84623866
2024-06-01 23:31:40,84623866
2024-06-01 23:31:41,84623866
2024-06-01 23:31:42,84623866
2024-06-01 23:31:43,84623866
2024-06-01 23:31:44,84623866
2024-06-01 23:31:45,84623866
2024-06-01 23:31:46,84623866
2024-06-01 23:31:47,84623866
2024-06-01 23:31:48,84623866
2024-06-01 23:31:49,84623866
2024-06-01 23:31:50,6511474
2024-06-01 23:31:51,6511474
2024-06-01 23:31:52,6511474
2024-06-01 23:31:53,6511474
2024-06-01 23:31:54,6511474
2024-06-01 23:31:55,6511474
2024-06-01 23:31:56,6511474
2024-06-01 23:31:57,6511474
2024-06-01 23:31:58,6511474
2024-06-01 23:31:59,6511474
2024-06-01 23:32:00,6511474
2024-06-01 23:32:01,6511474
2024-06-01 23:32:02,6511474
2024-06-01 23:32:03,6511474
2024-06-01 23:32:04,6511474
2024-06-01 23:32:05,6511474
2024-06-01 23:32:06,6511474
2024-06-01 23:32:07,6511474
2024-06-01 23:32:08,6511474
2024-06-01 23:32:09,6511474
2024-06-01 23:32:10,71605134
2024-06-01 23:32:11,71605134
2024-06-01 23:32:12,71605134
2024-06-01 23:32:13,71605134
2024-06-01 23:32:14,71605134
2024-06-01 23:32:15,71605134
2024-06-01 23:32:16,71605134
2024-06-01 23:32:17,71605134
2024-06-01 23:32:18,71605134
2024-06-01 23:32:19,71605134
2024-06-01 23:32:20,84623866
2024-06-01 23:32:21,84623866
2024-06-01 23:32:22,84623866
2024-06-01 23:32:23,84623866
2024-06-01 23:32:24,84623866
2024-06-01 23:32:25,84623866
2024-06-01 23:32:26,84623866
2024-06-01 23:32:27,84623866
2024-06-01 23:32:28,84623866
2024-06-01 23:32:29,84623866
2024-06-01 23:32:30,42314041
2024-06-01 23:32:31,42314041
2024-06-01 23:32:32,42314041
2024-06-01 23:32:33,42314041
2024-06-01 23:32:34,42314041
2024-06-01 23:32:35,42314041
2024-06-01 23:32:36,42314041
2024-06-01 23:32:37,42314041
2024-06-01 23:32:38,42314041
2024-06-01 23:32:39,42314041
2024-06-01 23:32:40,19530206
2024-06-01 23:32:41,19530206
2024-06-01 23:32:42,19530206
2024-06-01 23:32:43,19530206
2024-06-01 23:32:44,19530206
2024-06-01 23:32:45,19530206
2024-06-01 23:32:46,19530206
2024-06-01 23:32:47,19530206
2024-06-01 23:32:48,19530206
2024-06-01 23:32:49,19530206
2024-06-01 23:32:50,6511474
2024-06-01 23:32:51,6511474
2024-06-01 23:32:52,6511474
2024-06-01 23:32:53,6511474
2024-06-01 23:32:54,6511474
2024-06-01 23:32:55,6511474
2024-06-01 23:32:56,6511474
2024-06-01 23:32:57,6511474
2024-06-01 23:32:58,6511474
2024-06-01 23:32:59,6511474
2024-06-01 23:33:00,6511474
2024-06-01 23:33:01,6511474
2024-06-01 23:33:02,6511474
2024-06-01 23:33:03,6511474
2024-06-01 23:33:04,6511474
2024-06-01 23:33:05,6511474
2024-06-01 23:33:06,6511474
2024-06-01 23:33:07,6511474
2024-06-01 23:33:08,6511474
2024-06-01 23:33:09,6511474
2024-06-01 23:33:10,84623866
2024-06-01 23:33:11,84623866
2024-06-01 23:33:12,84623866
2024-06-01 23:33:13,84623866
2024-06-01 23:33:14,84623866
2024-06-01 23:33:15,84623866
2024-06-01 23:33:16,84623866
2024-06-01 23:33:17,84623866
2024-06-01 23:33:18,84623866
2024-06-01 23:33:19,84623866
2024-06-01 23:33:20,74860871
2024-06-01 23:33:21,74860871
2024-06-01 23:33:22,74860871
2024-06-01 23:33:23,74860871
2024-06-01 23:33:24,74860871
2024-06-01 23:33:25,74860871
2024-06-01 23:33:26,74860871
2024-06-01 23:33:27,74860871
2024-06-01 23:33:28,74860871
2024-06-01 23:33:29,74860871
2024-06-01 23:33:30,29295309
2024-06-01 23:33:31,29295309
2024-06-01 23:33:32,29295309
2024-06-01 23:33:33,29295309
2024-06-01 23:33:34,29295309
2024-06-01 23:33:35,29295309
2024-06-01 23:33:36,29295309
2024-06-01 23:33:37,29295309
2024-06-01 23:33:38,29295309
2024-06-01 23:33:39,29295309
2024-06-01 23:33:40,19530206
2024-06-01 23:33:41,19530206
2024-06-01 23:33:42,19530206
2024-06-01 23:33:43,19530206
2024-06-01 23:33:44,19530206
2024-06-01 23:33:45,19530206
2024-06-01 23:33:46,19530206
2024-06-01 23:33:47,19530206
2024-06-01 23:33:48,19530206
2024-06-01 23:33:49,19530206
2024-06-01 23:33:50,84623866
2024-06-01 23:33:51,84623866
2024-06-01 23:33:52,84623866
2024-06-01 23:33:53,84623866
2024-06-01 23:33:54,84623866
2024-06-01 23:33:55,84623866
2024-06-01 23:33:56,84623866
2024-06-01 23:33:57,84623866
2024-06-01 23:33:58,84623866
2024-06-01 23:33:59,84623866
2024-06-01 23:34:00,84623866
2024-06-01 23:34:01,84623866
2024-06-01 23:34:02,84623866
2024-06-01 23:34:03,84623866
2024-06-01 23:34:04,84623866
2024-06-01 23:34:05,84623866
2024-06-01 23:34:06,84623866
2024-06-01 23:34:07,84623866
2024-06-01 23:34:08,84623866
2024-06-01 23:34:09,84623866
2024-06-01 23:34:10,55332773
2024-06-01 23:34:11,55332773
2024-06-01 23:34:12,55332773
2024-06-01 23:34:13,55332773
2024-06-01 23:34:14,55332773
2024-06-01 23:34:15,55332773
2024-06-01 23:34:16,55332773
2024-06-01 23:34:17,55332773
2024-06-01 23:34:18,55332773
2024-06-01 23:34:19,55332773
2024-06-01 23:34:20,19530206
2024-06-01 23:34:21,19530206
2024-06-01 23:34:22,19530206
2024-06-01 23:34:23,19530206
2024-06-01 23:34:24,19530206
2024-06-01 23:34:25,19530206
2024-06-01 23:34:26,19530206
2024-06-01 23:34:27,19530206
2024-06-01 23:34:28,19530206
2024-06-01 23:34:29,19530206
2024-06-01 23:34:30,19530206
2024-06-01 23:34:31,19530206
2024-06-01 23:34:32,19530206
2024-06-01 23:34:33,19530206
2024-06-01 23:34:34,19530206
2024-06-01 23:34:35,19530206
2024-06-01 23:34:36,19530206
2024-06-01 23:34:37,19530206
2024-06-01 23:34:38,19530206
2024-06-01 23:34:39,19530206
2024-06-01 23:34:40,32548938
2024-06-01 23:34:41,32548938
2024-06-01 23:34:42,32548938
2024-06-01 23:34:43,32548938
2024-06-01 23:34:44,32548938
2024-06-01 23:34:45,32548938
2024-06-01 23:34:46,32548938
2024-06-01 23:34:47,32548938
2024-06-01 23:34:48,32548938
2024-06-01 23:34:49,32548938
2024-06-01 23:34:50,84623866
2024-06-01 23:34:51,84623866
2024-06-01 23:34:52,84623866
2024-06-01 23:34:53,84623866
2024-06-01 23:34:54,84623866
2024-06-01 23:34:55,84623866
2024-06-01 23:34:56,84623866
2024-06-01 23:34:57,84623866
2024-06-01 23:34:58,84623866
2024-06-01 23:34:59,84623866