"Time","{Component=""core_worker"", Experiment=""chain replication"", NodeAddress=""127.0.0.1"", SessionName=""session_2024-06-02_00-02-46_176828_6884"", Version=""2.23.0"", WorkerId=""77149fc765371516145155f456c78b202a9a021f852f2a47d295b05c"", __name__=""ray_processed_gradients"", instance=""127.0.0.1:8081"", job=""ray""}"
2024-06-02 00:03:20,1
2024-06-02 00:03:21,1
2024-06-02 00:03:22,1
2024-06-02 00:03:23,1
2024-06-02 00:03:24,1
2024-06-02 00:03:25,1
2024-06-02 00:03:26,1
2024-06-02 00:03:27,1
2024-06-02 00:03:28,1
2024-06-02 00:03:29,1
2024-06-02 00:03:30,81
2024-06-02 00:03:31,81
2024-06-02 00:03:32,81
2024-06-02 00:03:33,81
2024-06-02 00:03:34,81
2024-06-02 00:03:35,81
2024-06-02 00:03:36,81
2024-06-02 00:03:37,81
2024-06-02 00:03:38,81
2024-06-02 00:03:39,81
2024-06-02 00:03:40,141
2024-06-02 00:03:41,141
2024-06-02 00:03:42,141
2024-06-02 00:03:43,141
2024-06-02 00:03:44,141
2024-06-02 00:03:45,141
2024-06-02 00:03:46,141
2024-06-02 00:03:47,141
2024-06-02 00:03:48,141
2024-06-02 00:03:49,141
2024-06-02 00:03:50,163
2024-06-02 00:03:51,163
2024-06-02 00:03:52,163
2024-06-02 00:03:53,163
2024-06-02 00:03:54,163
2024-06-02 00:03:55,163
2024-06-02 00:03:56,163
2024-06-02 00:03:57,163
2024-06-02 00:03:58,163
2024-06-02 00:03:59,163
2024-06-02 00:04:00,203
2024-06-02 00:04:01,203
2024-06-02 00:04:02,203
2024-06-02 00:04:03,203
2024-06-02 00:04:04,203
2024-06-02 00:04:05,203
2024-06-02 00:04:06,203
2024-06-02 00:04:07,203
2024-06-02 00:04:08,203
2024-06-02 00:04:09,203
2024-06-02 00:04:10,253
2024-06-02 00:04:11,253
2024-06-02 00:04:12,253
2024-06-02 00:04:13,253
2024-06-02 00:04:14,253
2024-06-02 00:04:15,253
2024-06-02 00:04:16,253
2024-06-02 00:04:17,253
2024-06-02 00:04:18,253
2024-06-02 00:04:19,253
2024-06-02 00:04:20,313
2024-06-02 00:04:21,313
2024-06-02 00:04:22,313
2024-06-02 00:04:23,313
2024-06-02 00:04:24,313
2024-06-02 00:04:25,313
2024-06-02 00:04:26,313
2024-06-02 00:04:27,313
2024-06-02 00:04:28,313
2024-06-02 00:04:29,313
2024-06-02 00:04:30,313
2024-06-02 00:04:31,313
2024-06-02 00:04:32,313
2024-06-02 00:04:33,313
2024-06-02 00:04:34,313
2024-06-02 00:04:35,313
2024-06-02 00:04:36,313
2024-06-02 00:04:37,313
2024-06-02 00:04:38,313
2024-06-02 00:04:39,313
2024-06-02 00:04:40,363
2024-06-02 00:04:41,363
2024-06-02 00:04:42,363
2024-06-02 00:04:43,363
2024-06-02 00:04:44,363
2024-06-02 00:04:45,363
2024-06-02 00:04:46,363
2024-06-02 00:04:47,363
2024-06-02 00:04:48,363
2024-06-02 00:04:49,363
2024-06-02 00:04:50,423
2024-06-02 00:04:51,423
2024-06-02 00:04:52,423
2024-06-02 00:04:53,423
2024-06-02 00:04:54,423
2024-06-02 00:04:55,423
2024-06-02 00:04:56,423
2024-06-02 00:04:57,423
2024-06-02 00:04:58,423
2024-06-02 00:04:59,423
2024-06-02 00:05:00,473
2024-06-02 00:05:01,473
2024-06-02 00:05:02,473
2024-06-02 00:05:03,473
2024-06-02 00:05:04,473
2024-06-02 00:05:05,473
2024-06-02 00:05:06,473
2024-06-02 00:05:07,473
2024-06-02 00:05:08,473
2024-06-02 00:05:09,473
2024-06-02 00:05:10,533
2024-06-02 00:05:11,533
2024-06-02 00:05:12,533
2024-06-02 00:05:13,533
2024-06-02 00:05:14,533
2024-06-02 00:05:15,533
2024-06-02 00:05:16,533
2024-06-02 00:05:17,533
2024-06-02 00:05:18,533
2024-06-02 00:05:19,533
2024-06-02 00:05:20,583
2024-06-02 00:05:21,583
2024-06-02 00:05:22,583
2024-06-02 00:05:23,583
2024-06-02 00:05:24,583
2024-06-02 00:05:25,583
2024-06-02 00:05:26,583
2024-06-02 00:05:27,583
2024-06-02 00:05:28,583
2024-06-02 00:05:29,583
2024-06-02 00:05:30,643
2024-06-02 00:05:31,643
2024-06-02 00:05:32,643
2024-06-02 00:05:33,643
2024-06-02 00:05:34,643
2024-06-02 00:05:35,643
2024-06-02 00:05:36,643
2024-06-02 00:05:37,643
2024-06-02 00:05:38,643
2024-06-02 00:05:39,643
2024-06-02 00:05:40,693
2024-06-02 00:05:41,693
2024-06-02 00:05:42,693
2024-06-02 00:05:43,693
2024-06-02 00:05:44,693
2024-06-02 00:05:45,693
2024-06-02 00:05:46,693
2024-06-02 00:05:47,693
2024-06-02 00:05:48,693
2024-06-02 00:05:49,693
2024-06-02 00:05:50,753
2024-06-02 00:05:51,753
2024-06-02 00:05:52,753
2024-06-02 00:05:53,753
2024-06-02 00:05:54,753
2024-06-02 00:05:55,753
2024-06-02 00:05:56,753
2024-06-02 00:05:57,753
2024-06-02 00:05:58,753
2024-06-02 00:05:59,753
2024-06-02 00:06:00,807
2024-06-02 00:06:01,807
2024-06-02 00:06:02,807
2024-06-02 00:06:03,807
2024-06-02 00:06:04,807
2024-06-02 00:06:05,807
2024-06-02 00:06:06,807
2024-06-02 00:06:07,807
2024-06-02 00:06:08,807
2024-06-02 00:06:09,807
2024-06-02 00:06:10,863
2024-06-02 00:06:11,863
2024-06-02 00:06:12,863
2024-06-02 00:06:13,863
2024-06-02 00:06:14,863
2024-06-02 00:06:15,863
2024-06-02 00:06:16,863
2024-06-02 00:06:17,863
2024-06-02 00:06:18,863
2024-06-02 00:06:19,863
2024-06-02 00:06:20,913
2024-06-02 00:06:21,913
2024-06-02 00:06:22,913
2024-06-02 00:06:23,913
2024-06-02 00:06:24,913
2024-06-02 00:06:25,913
2024-06-02 00:06:26,913
2024-06-02 00:06:27,913
2024-06-02 00:06:28,913
2024-06-02 00:06:29,913
2024-06-02 00:06:30,973
2024-06-02 00:06:31,973
2024-06-02 00:06:32,973
2024-06-02 00:06:33,973
2024-06-02 00:06:34,973
2024-06-02 00:06:35,973
2024-06-02 00:06:36,973
2024-06-02 00:06:37,973
2024-06-02 00:06:38,973
2024-06-02 00:06:39,973
2024-06-02 00:06:40,1027
2024-06-02 00:06:41,1027
2024-06-02 00:06:42,1027
2024-06-02 00:06:43,1027
2024-06-02 00:06:44,1027
2024-06-02 00:06:45,1027
2024-06-02 00:06:46,1027
2024-06-02 00:06:47,1027
2024-06-02 00:06:48,1027
2024-06-02 00:06:49,1027